"","昼ごはんカロリー","歩数","前日夜ごはんカロリー","デスクワーク時間","X346株価","移動距離.km.","疲労度"
"1",928.264773647784,7360.96941180533,1605.63308177839,6.24145457545505,2020.07792456626,47.0481703154308,0.689540923103924
"2",1076.07847023351,8030.140509873,1932.07250126334,-4.8387118959156,1997.94342991175,50.6065417027443,1.11885436796969
"3",1017.30561424204,2329.56514458478,1780.96150206892,-2.61777356707424,1993.75644176391,22.1012596585906,-1.70725971655252
"4",948.918541412868,4029.14926369093,1476.46181274498,-0.523505505222316,1991.30688830265,29.2446695518382,-1.20555797817698
"5",955.214939424793,4462.70653425865,1369.65541640433,3.58889302111237,1997.00985169026,31.8132881322005,-0.817504068739728
"6",890.434579785051,7264.47306381385,1742.52090770495,12.7616608414076,2039.59116530726,47.4681367496131,1.00172608526417
"7",1054.66809301377,7342.76970503018,1194.40838000717,0.83164724502763,2028.49897296473,49.1633601355264,0.379417215510236
"8",1068.97754379667,6525.95153961524,1583.8947120108,0.414182852781353,2001.00401215171,43.484136040138,0.119631272012891
"9",1037.45596784616,7986.87450576448,2257.13136403627,3.80157801009761,1917.75437109612,44.2857042959171,1.31312677542711
"10",1117.70104673159,6673.21297016816,3314.09703947779,-2.54874683355493,2011.84130855127,45.5746709607035,0.436818744484242
"11",997.870524392522,2177.05948082635,1588.21075457795,4.26870536631412,1998.69786132302,21.4649087472696,-1.88859910416196
"12",1061.13516942451,9206.87015852594,1073.01504238847,6.25052154276808,2115.92435876146,64.3527675576184,1.18918408191751
"13",1004.03410401719,6431.80816484149,1388.34824453588,0.231087801341753,2007.34942712443,42.6467129236496,-0.00630747077310567
"14",1034.15349916144,9238.52785072976,1320.00662131419,8.59507470602041,1865.33327305532,46.5996304609762,1.52290718526697
"15",756.278542807343,6066.85694858887,811.624857794847,7.25870433059178,2040.42144126903,40.0452834225381,-0.445721819577887
"16",1075.48986317523,6242.67497863246,1460.27480201756,8.0162827100887,2047.90178515057,45.4891558850961,0.227014101212439
"17",1045.3406095141,5820.00319809137,1137.984873789,2.81039290153815,2019.87345640377,41.1040906373924,-0.300172634520164
"18",734.152934772917,5196.52904570689,1478.88812074374,1.03450753495579,2004.16872549578,33.0296810639923,-0.577478994710166
"19",1022.16375525798,6004.72461302537,1229.90001008943,6.78683196892929,2042.74485716833,43.3010925125341,-0.104037344904616
"20",1037.54097327692,5487.94855840864,2198.2573811838,0.143670193147877,1997.72150393673,37.8525291031829,0.109772675969652
"21",1097.89692345672,4983.498751407,1188.07588841137,1.82525925696377,2007.78127198444,36.8974280332745,-0.811223857678516
"22",950.727678428313,4774.31563294441,1762.29077172064,-2.68392010414397,1996.19947238524,33.200394545726,-0.959484975275792
"23",955.365709693285,6790.59238727887,1797.92992299733,6.25544810595203,1992.82659045327,42.7364277489972,0.600199644550249
"24",1034.95733959923,3905.93984309778,784.162433023717,4.39852287276297,2000.84673422577,30.4173983795046,-1.53174743186328
"25",847.380850000908,4778.10578533489,1927.00266985829,5.31055819929944,2022.08571650105,33.7142063951905,-0.398620332769947
"26",940.186142500314,8319.39403991623,1718.73644688404,9.23997536974676,1932.52864429074,45.6819477744604,1.39168721014806
"27",1003.55726777534,8505.67357170312,1574.40393725225,0.652988981304513,1982.77824575045,50.9093413260202,1.02256659639171
"28",1072.7036271251,8408.52160622878,904.918923741875,-0.000582853400194594,2043.73903663613,55.5956519407435,0.562230359434104
"29",957.181842409272,5945.19789426168,1669.29655222553,5.05460991005265,2000.79367225933,39.2453200860737,0.0145648840497592
"30",982.811153217885,7043.42442380732,2787.49960627595,1.48522890028934,2054.95407468819,48.6584743703881,1.32352081906628
"31",1110.86183033601,6926.40294450011,630.945095749206,9.37558514811368,1987.27313516614,44.9853971769381,0.117271494312055
"32",965.576533087267,7360.39217089006,2165.07249709832,6.29943053681252,2019.9338199002,47.5113334147378,1.17330942078603
"33",961.899779332383,4775.89056620212,1713.41358603193,-2.18457905253041,1997.78821602638,33.4618600921414,-0.799740746398813
"34",888.739638503818,4074.70362462907,905.243941572871,3.42627868647171,2001.88395857755,29.4375700047043,-1.47600211362996
"35",983.219015374576,7549.3588814987,1928.62863763558,-0.202905797112686,1968.57930979092,45.0478361969018,0.841421354411657
"36",1077.43480412326,6963.73260183352,1647.56559735903,1.2250628480783,2023.83763189211,47.3011864923775,0.431745036195403
"37",857.106744107789,5319.45868376198,1153.98275787795,0.158191092678266,2005.54435848385,35.2869960128154,-0.736585790451578
"38",1016.51812100026,6480.77535051226,882.579592167728,4.69912779669636,1986.6259068796,41.5895831503933,-0.375011692428437
"39",1097.21520021637,3176.21142431615,1795.5203322825,-4.84864882260303,1985.83222919914,26.6441009970884,-1.3859001981014
"40",973.250038331999,7399.22933670934,1063.91367779159,2.81419023363639,2019.12570856229,47.7396981205231,0.423089310463146
"41",1036.51567205104,7706.92904013475,2184.12697952631,4.44159734448619,2013.73875705822,49.6516721523937,1.18790364818925
"42",1112.17595658414,5319.70939362105,973.674146188791,-4.26404784112572,2000.67492641608,38.2012595379,-0.984731003571285
"43",1022.38849194831,3205.13175494761,1245.15017671743,4.84259862551216,1992.38138861238,26.2877086321737,-1.41188657435671
"44",1061.98314304176,5873.6407459152,1369.9751332936,10.4864829597778,1942.11226443436,36.1253219026872,0.0899320559652956
"45",1025.60168260792,3924.05508175063,1385.78089734989,-4.35502041474636,2013.25962819001,31.2551969871146,-1.3194253451923
"46",1105.67424271523,6421.68812173016,2496.211348069,6.41962374726264,1967.85821700841,41.1271978690953,1.21354648580733
"47",978.175748127383,6556.65319126497,1312.09033639351,6.49741532401193,1998.75260380257,42.3157636537864,0.201417978083166
"48",1013.4360787488,6332.64202087345,1861.36552835059,7.4056859731995,2022.41168105339,43.3445055958811,0.511962922082753
"49",916.482452754051,6494.74584529592,1315.07372784021,6.07028463484201,1947.45641030068,37.6355833588977,0.139555825337305
"50",928.22570127441,4747.18430655826,1589.29062295532,10.1387970072445,1989.39794792211,32.3059497948145,-0.42597061840698
"51",920.80540008599,7466.43994167995,1705.59144744318,5.61596260257422,1933.44048921685,41.3895513745522,0.905623116605041
"52",1039.88887300115,5446.99206585213,1631.58832178391,-0.162157435806773,2009.5829379123,38.5164287874849,-0.114001997388852
"53",1101.20170375526,4740.45345846992,1320.90542375378,3.91184359816004,2007.30198968412,35.7351554618408,-0.683801901330544
"54",1129.15860698775,2660.96776304668,1245.75574470577,5.95922513814935,1999.6179475763,25.5356138134845,-1.56237892628715
"55",1076.29681209423,3513.66332378321,2196.16564685919,2.04563497693311,2000.38346323343,29.0226063034846,-0.753637361613036
"56",1099.20295232792,6798.03123599981,2846.29175513752,4.095856640759,2002.14312187505,45.2603153638416,0.348421301893514
"57",1117.60122575875,6627.80812982944,872.846771461078,9.82431594126548,1989.3952668433,43.7816472703912,0.117699631639238
"58",1073.21906656755,6812.01272467164,1808.66791631866,13.258448707414,2064.45601257278,49.3630353956733,0.906409351807937
"59",920.326844496882,5989.20223478989,1712.38501883513,2.15558948502674,2017.77577472472,40.1771959489302,0.110233532254376
"60",949.175431397781,7352.04574123147,1981.99445848111,7.34806414687364,2008.1297265882,46.4346417840734,0.794457406030642
"61",1073.65116873161,7024.47987553593,1159.57788581896,-2.98704907936588,1990.2133222648,45.1891690194469,-0.00861742255917486
"62",993.111124945954,2583.48575874751,1191.21903455824,1.39312240818291,2018.47948432997,24.7484017511463,-1.83427269607379
"63",1020.53655385277,6557.36454211618,542.53945273422,14.1207699509059,1901.0666969395,36.0138327164146,0.00745698693926131
"64",944.484138818781,7579.93950851759,2056.66874933437,2.65347226240094,1943.32777050469,42.9313305484069,1.24336698629221
"65",1114.6161708282,3972.7013450622,1592.03744683758,10.9071445875236,2015.93345213232,32.8126201932134,-0.729382409952744
"66",941.86711263261,8647.80148505649,1276.60291270236,4.73530434914216,1981.02498074266,50.6840860500071,1.06043706070371
"67",1025.37410186958,10070.6491721753,1936.00181297775,0.0357654951996853,1922.68139593778,54.5152381140857,1.83903507857059
"68",1041.57356099808,11895.6243918054,1376.94956479753,5.14740359762272,2017.40208884629,70.1515884716657,2.65494164986331
"69",954.695476273774,6144.87293036081,1376.5215151829,4.5141266163155,1994.85035501575,39.7590069836228,0.0288133714287322
"70",1085.22706788079,8700.24222173254,1804.88691598146,1.27611191312422,1982.39110661529,52.8615130396125,1.4960049408442
"71",1069.55334271646,4484.75491510987,1434.20482775785,10.7541406311355,1981.53844086853,32.294057781101,-0.512072872630505
"72",1033.54414172695,7869.25204885173,1587.25883399433,7.97037879077509,2000.36595539834,49.4585715275894,1.04947382368829
"73",870.697369345813,6191.79701394801,591.461211344116,9.47811675486347,1975.91175175857,37.5861526686294,-0.476164122846176
"74",1120.02340304009,7260.33041241367,2677.20656650478,3.288814393978,2018.53349810046,48.9016737055519,1.64699161966374
"75",951.505626860896,6872.07288415931,1257.68172844992,12.8652671125261,2094.71449162663,50.2199979557041,0.503421716151858
"76",1172.30642054468,5309.60438421181,1672.5420015482,13.2898646882135,2024.10384321491,40.5616513882323,0.0754242146419413
"77",1025.39223013179,10764.9268584118,2646.77552258163,-6.60140365684343,2083.29838886279,69.1161123845452,3.19040259711399
"78",913.726715007809,4130.89957773786,1331.88619001369,12.6939293998176,2000.01755484363,29.8962895687763,-0.697644548635467
"79",1075.00333009309,7605.24378033875,1193.75303901306,9.09594531062066,2008.80329208498,49.3069812153975,0.706798053580385
"80",1120.70921054209,1859.99643988064,1098.60318639435,9.33081295075045,1991.32196902858,20.9878241026227,-2.03688678563394
"81",1028.43367099038,5341.74951969998,2693.64416430559,13.0787355563501,1959.72093532705,34.3689566714825,0.635039572075209
"82",1045.65426046966,3885.82010632481,982.47954281438,3.05485901414934,2000.10935525275,30.4052747839456,-1.25110266672521
"83",1058.40821614418,4978.82386959692,1282.75181476672,1.54437128821763,1999.33122788504,35.7789115682009,-0.682148757583967
"84",1023.37768151771,3333.35393131883,1137.62205446099,12.1676152378831,2011.81160327399,28.2796954704685,-1.07504898626762
"85",864.782695176354,7034.73432544927,1431.80681064972,10.3140850237613,1995.42309455152,42.938817105255,0.58957985773156
"86",1071.53019767073,6688.72890030056,1645.35621041408,-3.03919432162527,1991.72344686513,43.6504881459016,0.228400195387857
"87",966.893949296457,7308.00159671708,2148.45764575171,5.25669267403228,2013.85948039583,46.8500657381356,0.394829640693655
"88",971.963541639323,5680.86060185116,366.558639076096,6.42503017915081,1991.17620018622,37.4865002614156,-1.24542482849681
"89",974.983909869972,2801.53782370012,968.929213740652,1.48487800054779,2003.84771988633,24.5421787271463,-2.20459660812796
"90",889.470872723941,7605.79258143674,705.464518242377,7.32634102443715,2056.27361243982,50.2692213156686,0.517085103136735
"91",783.339257688213,4748.6679281244,1871.37096658419,1.87975584378183,2002.63952933711,31.3925294850458,-0.455482213196909
"92",907.426789825376,8773.42093249789,1242.20536214021,4.07988521692033,2028.54057732439,54.1797272614638,1.06296262862446
"93",1059.72804188496,6355.91971425912,1350.81512525351,1.90252042933783,1981.95004486168,41.2117130547807,-0.0119505241151181
"94",944.165756432211,5504.57239383115,1841.86907811889,5.32916492868892,2035.45666377211,39.3857599048422,-0.0718970238696929
"95",933.550569415321,8666.12350312351,1443.78002411343,4.12538967983205,1953.14587361138,48.7124788131741,1.11998797501626
"96",1078.39274917739,6213.95872210252,1145.81519490913,11.1238542799646,2047.74418135166,45.3768095924868,0.0858499001775793
"97",981.274571709543,5723.2951395768,2073.14866377933,11.5155927054678,1956.80389363739,35.4009118172401,0.69857681057314
"98",1122.06454215398,10261.8484998484,1555.16158457111,5.39198670713756,2067.80579955448,66.8402543605581,2.15911013858077
"99",1025.45825638888,4996.47513277345,1634.62515239869,9.06017839365211,1946.42979010142,31.7362246376041,-0.0300953446484926
"100",919.840910534375,3479.97308869765,1257.09654572245,2.18571957931792,1992.12973144279,26.2857405314749,-1.43251957413313
"101",1306.3329631404,7761.68885377707,3019.26758522886,7.91206788734176,1982.2582966078,51.1517936611999,1.4591525456922
"102",895.986068816322,3536.48705665191,1141.07892185409,2.73317729752667,2004.90415063221,27.1488690748118,-1.54527071903865
"103",1124.55220128595,9358.60267826487,1075.96795155696,4.31698829080939,1947.82287274403,54.1122966411608,1.31121611030418
"104",959.834739498241,5344.47420431056,1526.88310328727,8.08526579917475,1999.1057298373,36.2669444925784,-0.155372054209459
"105",924.301401181984,6386.25217123313,1421.65709878004,4.22759771524939,1994.73762491406,40.5261460796789,0.10302810566022
"106",887.136556407646,8415.89925618336,1208.24504595166,7.04538911369996,1981.17660716674,48.8792633268463,0.970734251381735
"107",1067.70115438876,5870.70010183639,2600.56899624392,13.4101035970506,2010.15712790657,40.9526864127517,0.360446392214433
"108",886.596775669819,5821.8715489617,830.765914438148,1.41063169328145,1989.4970480027,36.9589794615071,-0.720325195412388
"109",979.877006299338,5967.1878007498,403.980408665205,5.50343086252993,2063.03668367444,44.0027953298369,-0.765140795359488
"110",1085.50901793252,8485.88414699758,1420.80181616075,2.3641333717697,1903.36737694335,46.2944844318007,0.99815606346284
"111",959.275005270192,3487.37251956649,1035.24861818453,-3.99643896186279,2011.38446997148,28.1738774283713,-1.71846831981816
"112",857.168041173158,6673.00127840812,2015.87073254017,6.58264054640089,1913.40917658122,35.3515218910767,0.759547907640282
"113",1197.30164459474,9736.74146774088,1262.8044784734,-3.93331687750599,1965.60452847908,58.1082576751699,1.34492196643553
"114",1157.82075918838,8312.65842569138,2097.4082293685,1.00765010710993,2068.88132951209,57.9817776735642,0.863620674059243
"115",1069.26124025384,6182.69448841051,1960.01078488341,1.17164082356973,1955.45194237531,38.6418612940659,0.294099905484889
"116",948.295010313596,5337.08326921835,1375.52150128801,11.3940677211394,2006.87452520472,36.6285459219249,-0.116507316872558
"117",745.378861033041,9418.12835927703,1321.07113681781,0.274725944401255,2003.22614329971,53.4440222371007,1.23229712993026
"118",1026.85187444047,11014.0623029443,1049.41892166889,3.73202145992879,2112.27052267858,72.3652869803644,2.04642235141117
"119",1008.33852587621,7738.03548189159,469.162462335793,4.8159431379731,2067.09675423268,53.1813492661346,0.0682010275407026
"120",988.565539099936,6464.7102385911,1358.15857435843,2.55258004564885,2031.37918742554,44.2918629897099,0.0501486910738826
"121",1161.13786428516,3813.10830953855,1827.80798173037,6.72054852474449,1998.29024594466,31.4009089181996,-0.381102424575026
"122",899.948619427606,4449.10793358795,1900.574042347,3.14457316456926,2004.17637656097,31.5448911525117,-0.975962658179158
"123",937.45232113634,5878.0944937763,1444.2871584807,9.21723875500897,2022.03542300032,40.1589559403033,-0.0115557289640104
"124",899.955266587568,3681.47047552432,1816.34486327714,5.74275038663639,2001.34963605746,27.6488545630547,-0.761259935378691
"125",820.93609933177,5445.69518335525,1748.54426599994,9.35180227185839,1994.76794203637,34.6784348421612,-0.261222657037114
"126",1039.4650348864,9239.94028546046,1280.11099086793,13.6148421236389,2028.52961125441,58.1109856456226,1.66281772568415
"127",894.887463421692,3447.57419449168,1332.0168550168,2.72916531042459,1998.10367726695,26.2299463494646,-1.37009360810299
"128",896.32878854305,5489.99221088445,1549.13953579245,3.6455231736666,2002.37663067343,36.386946875507,-0.272331449618359
"129",1041.64178305824,6436.6172294315,233.147323165965,6.63994438372344,2045.5719057631,45.8283260003666,-0.381102183030444
"130",1033.00209239575,7978.73638095558,1738.55967493071,14.9776088562245,2112.64834001855,57.8478252489921,1.32043379692006
"131",1258.81404372632,7021.0658713447,1483.74031263183,1.46659682943689,1961.94712276808,45.5542336713816,0.314639359632073
"132",923.712111021946,7031.06356927937,766.911196038573,-1.37552344595751,1985.93715678027,43.0082119695983,-0.330857321965862
"133",1023.95120458266,4508.6470930248,284.538124211599,7.24994465003848,2000.54901646994,33.1595997852772,-1.44968573301129
"134",1228.45859764085,8394.67860677696,1527.93839655541,-15.7072122621922,2007.07941836884,54.94706460865,0.490658531033787
"135",957.608009222669,9418.17910447099,1871.605977419,0.717010839452025,2026.41132758084,57.7768115273274,1.21265063318502
"136",967.503220875948,6908.37552913853,1515.56456059648,8.69165620903544,2037.85089567934,46.6139929362069,0.584202675877198
"137",1093.81285471985,3981.68278341545,1469.21948847595,3.81609420198096,2000.31935710175,31.4962337094653,-1.02065676237989
"138",1156.91435939059,4914.33181079404,1966.6790386897,10.9051133065673,1992.60509949627,36.2536528885574,-0.00312934886851172
"139",841.456450668139,5852.36158921668,1524.98164970051,9.9114194225614,2043.00118146337,40.2795033152446,0.0724354469348508
"140",1087.34756053174,6086.1490254531,2362.57478656801,6.19085694039675,1984.02053263729,40.4096009789103,0.483238851930317
"141",1032.61200557097,3124.05787341923,1616.82255886715,-2.52053311832767,1978.52467858303,25.0565025579264,-1.49075986378762
"142",1127.30592958341,5575.02989885874,1429.67962628682,4.08411036381689,2003.29337741439,39.8077796920355,-0.278528257933383
"143",1010.31263268231,4678.58153720417,1887.1925737874,2.91514603977633,1994.47016373657,33.3782301543951,-0.225569519358439
"144",1011.63791108429,4051.01366873714,1572.14047453176,4.27981137726829,2002.35444444492,30.924417194214,-0.776023624617239
"145",1039.33386217608,3217.82454237122,2335.89150026367,-0.304905389897351,2025.90163064174,28.9141481064975,-1.04560317946451
"146",1095.41021048918,5812.8556278717,1481.5009646461,-8.51008664575547,1998.14722460602,40.1858995398179,-0.564522287786054
"147",968.500460195047,2309.21639980185,704.030851217106,2.87038711384807,2009.65321125914,22.4945940719825,-2.13639378199538
"148",1119.74184751781,3972.74236730295,550.131072487185,8.16095371245406,2000.80940076154,31.8183217950272,-1.08711521131112
"149",979.163530227143,7011.46088336333,1458.91550952263,12.343222084706,2018.9712639057,45.9362827591967,0.658685623738029
"150",949.027116668116,3648.91047827442,892.337779425116,-1.73853291897258,2003.06974428289,28.2386288245773,-1.66723408044995
"151",890.04121962294,10510.2424333239,1736.16376935465,-1.95137965183886,2016.87753704338,61.507548170475,2.11903019902083
"152",1135.98256330367,6377.43414852683,1858.96370059161,7.02361796254944,1957.53603375491,40.5773200182856,-0.0281543594880827
"153",1026.76808995088,7820.9884294743,1669.73882969482,8.0249634313596,2024.05933473585,50.800043280851,1.06190177846482
"154",1014.74252001152,1239.74824253687,1564.04351298078,0.0994494933786951,1974.70606779338,15.4834161209092,-2.53046601780606
"155",967.987521562072,8297.12311913261,2298.50912124475,2.27705709131576,2035.37486775024,53.1368174122113,0.985534135579955
"156",834.137714030421,5326.10143908112,1526.47415831663,1.83641649322248,1990.2737816242,33.9557855560759,-0.442592391677067
"157",1099.21290237011,8521.99184642026,2043.2566151909,3.44550114422951,1964.29743429969,50.9132437680238,1.40736597915489
"158",1052.28286215541,5055.41542719,1639.56195601345,5.70993748682116,2006.09944166463,36.5440497656358,-0.302487065344853
"159",1137.38867712402,5218.2632856603,814.76548294449,10.2167257204716,2040.5926669205,40.8316604657325,-0.372199095032785
"160",939.247533490615,8304.42203940722,1866.85826229464,4.53546681475141,1997.38468998753,50.1429516680465,0.853976923218749
"161",1072.93808277219,4892.72571692161,2172.44079147844,1.96764076613127,1997.30639859705,35.4076212628219,-0.156749604005796
"162",981.109019402477,6786.78859693662,2080.61984683717,7.28958233281772,1927.9577060365,38.5005446677186,1.1197837085459
"163",890.337152770397,7312.55978834919,1575.24361421647,8.90639383156188,1990.07284453618,44.2283080240509,0.76891076282191
"164",726.426298964052,10949.8573050397,1454.99185150261,-1.4856835348368,1977.31871801655,58.765590783668,1.95001247854154
"165",927.245368244445,4610.91700792156,923.013863615313,15.6663110053989,2033.02009692042,34.6940228500533,-0.633481838210663
"166",1011.47346620124,7548.53076576343,1974.17793223856,4.8199785354289,2010.32869174278,48.3301243840776,1.07098641259733
"167",1052.62449701485,6127.90595089144,1049.23109959102,6.15123828060375,2054.10082138889,45.0789662024101,-0.316807370058285
"168",1060.00370632829,8055.45341889786,924.513848505391,11.9980928649937,1950.98676278767,47.2326754934305,1.11412011093924
"169",985.559403679514,3984.44647284909,1476.03515938649,-2.70931443300634,1990.02120489072,29.4067004426834,-1.17802113621407
"170",1087.81674309283,4247.89343635136,1361.61754026997,0.549111666585442,1996.92943590637,32.4646124924989,-1.01218657517666
"171",989.425955911853,7371.73129296559,1118.51329128088,3.3994062303603,2003.09393647749,46.6901044895512,0.397364689371838
"172",953.117377365617,11717.109627234,2260.557750687,10.3507787229032,1780.24662436661,51.5432080272249,3.18990855510735
"173",971.177776367149,5230.46413172198,1503.79248182553,5.4164162714879,2010.79314727023,36.6814847483755,-0.405614081542417
"174",835.913689396578,8289.05433715792,1450.68644183503,-5.77385480419681,1950.0069623033,45.4303059018145,0.605485067723936
"175",1062.80712620515,2695.01238400023,1444.90679357298,-4.82754002282461,1950.20541624819,21.390248721256,-1.79890099964835
"176",1034.79458532199,2367.53982804837,1996.49588021556,9.08424724306383,2005.12661147919,23.3041529868383,-1.22411309726241
"177",920.570456433135,9404.30083009532,1457.63799874282,-0.0446455135335722,2042.4591243792,58.3620379725069,1.33168803361376
"178",935.815181963594,8545.54476230031,1368.02698619399,-0.315921769697845,1897.93770132882,44.2915114159619,0.890659083742194
"179",891.933042806204,4803.05363224395,1782.23041303259,5.49837480113624,1974.11601324341,31.0410981629287,-0.404397312723817
"180",1000.59464900875,3246.42668625055,1652.98322885115,0.445857800801388,1988.40686692071,25.9300519831266,-1.27534056387415
"181",939.782525292495,7108.01258904827,1327.61863265202,14.7874901158854,2007.3400338519,45.0838530995019,0.748015187961753
"182",956.751555298599,8481.93826691021,2041.65529956695,7.10107270590739,1928.79288262638,46.4145381148385,1.38576545859289
"183",1002.61918500203,4251.28138491706,1253.5465448171,3.88040287344297,2000.6211793183,31.6526560885811,-0.966268835343789
"184",1062.68123295532,6141.40170069634,1889.99559693537,7.60733161135479,1973.54888563188,39.6272179334627,0.301923945910914
"185",1051.01939909775,6674.84884835696,1351.18780070991,1.98576141479979,2001.09094997439,43.97840858007,0.130382886490982
"186",1122.70788613679,7801.14742356633,602.424051824515,4.60705657895654,1940.3675864924,46.0634010161997,0.537731087079036
"187",994.185637264378,7509.30129913485,1444.35076000879,-0.679067724097566,2014.66313376343,48.2243301980206,0.470110176389199
"188",1179.3415336442,4477.64428001675,1673.33619621742,-0.773292592431795,2000.06238040561,34.9586934179841,-0.877964472453978
"189",881.714055872798,5975.15255125957,799.641137954534,7.14798224989759,1971.99249441463,36.4083830723667,-0.33120589832067
"190",1035.23682821428,4847.18626324243,276.053611948689,-4.87308046512487,2014.35007575842,35.901646202505,-1.90742246908838
"191",914.444287348581,5306.15661123833,947.213556932546,6.68620174946563,1996.39353486145,35.313167718048,-0.602977310126672
"192",1116.71628643839,3222.34924794713,1280.49474023519,7.56670790325873,2001.84224906112,28.2371513672899,-1.29007118213861
"193",1087.3424113016,7639.37143265715,1355.45374638865,6.78477688564953,1932.69411212006,44.2950925004994,0.78913999287008
"194",904.735680091822,7524.7899076445,459.686554912465,8.85320557317173,1911.70148757258,39.9421540937734,0.237841078434926
"195",1075.51824006303,3226.06200804966,948.190320851147,3.84690013789526,2011.20664618352,28.385667288721,-1.65812295163033
"196",1045.20199721866,3243.39185663382,1732.05785275687,-1.58336227202194,1992.54928005428,26.7748555237168,-1.34875463427826
"197",1052.49695593598,5281.49650478714,1031.38947577052,2.34730091109113,1982.26416621861,35.9655325352154,-0.550386611499648
"198",925.122363120631,5218.25115868937,1387.6777504882,7.22396625806137,2021.77721939847,36.8048137637344,-0.399949976049879
"199",848.906117359311,3815.40214208921,1223.53199830654,4.70693370949907,2000.60317706305,27.5904349440303,-1.19225273435276
"200",1085.24740646789,2870.8212887973,2185.00869988788,2.43244631196307,1996.51431591078,25.7688200646395,-0.99175018162544
"201",849.591732002243,7307.98569727407,1207.83792555931,0.464943557105223,2012.49496436618,45.2577615683744,0.205369321481458
"202",981.451633227282,8944.7629530446,1845.20166955376,12.28862920101,1932.24610571743,49.2012919051644,1.81372654866019
"203",1001.48823886778,7225.17850084182,1545.84104572554,4.39130708022135,1971.81709417214,43.946118501156,0.602839755270378
"204",937.86964169938,5041.98489289865,1891.23901801174,2.21137120623896,1998.79932501441,34.508014812034,-0.193853495196558
"205",1064.29397570765,5964.42839168021,1760.03500572603,1.22150545356383,2027.30582019861,42.5625220779681,0.143497934043429
"206",1130.17733820341,10109.1302171311,1703.55223100621,11.1016483490044,1972.70769780999,59.5435893981763,2.17751452560455
"207",897.620413497489,7665.00656967002,768.474204580453,7.4485075458381,2032.14651419131,48.9676306737565,0.526887296422942
"208",920.077402345305,4099.32892031091,1425.30268504095,3.71898190576631,1999.18254104267,29.7667084664753,-1.01815537664412
"209",1267.33539564034,5222.78790077057,1696.73253325998,0.87698285902207,1998.04341797284,39.5295376577585,-0.153407163648287
"210",918.302943321767,5003.63037098392,946.417590806949,-3.5790339135908,2004.28267513409,34.4578759647417,-1.08010373830412
"211",855.153836678291,3841.74316424147,2336.71855954562,3.45789622512846,1997.64634585747,27.5898276178308,-0.551056724311767
"212",1007.56577436894,9460.12183777008,1482.45411472173,5.308959989044,2205.12251085595,71.1403162951392,1.50731002234347
"213",1145.75627677769,7576.80987824182,2104.29968734787,-1.79068266614583,1999.63826516649,49.4304220044162,0.902006957892957
"214",978.85297377735,3144.69731753324,1963.92737478279,2.52193168640001,2004.56210949997,26.2947462802641,-1.30322970717976
"215",1026.44299995759,5635.1131346413,1129.57496003759,12.44751724565,1994.8845690863,38.2210752662562,0.0151345137943469
"216",933.550151489811,6928.22475507288,603.826667223422,6.69570668395862,2010.00744115825,44.3251573411586,-0.320308399442188
"217",828.756317768036,4065.92020531472,1647.81631947541,5.58858097657253,2000.34523692297,28.5221249519237,-0.712525768446316
"218",912.409270805704,6222.39039822922,850.2530017676,10.2731364348576,2042.02442918007,42.8988855883288,-0.282936910614082
"219",983.950476576908,8268.94148844429,1312.6295508685,4.08825638057892,1948.63099599958,47.1257164760038,0.899735192094965
"220",684.768553201474,8199.03703803953,1446.04436459852,13.3028883610678,1928.0141502261,41.5270136950357,1.20383087795499
"221",1059.81191418453,4827.17926202364,1514.05822211967,11.9797506226792,1957.75675621083,32.1527516069958,-0.358712975611161
"222",1133.18587318688,5890.77020826442,1252.58510553107,6.90129137401391,2016.16989295113,42.3062342677481,-0.0913304024995248
"223",1198.78787297078,4939.79412547876,1311.74156332379,11.9857057445395,2012.60075573054,38.3118528965846,-0.283962780789991
"224",908.874620612745,4760.8555912448,1339.38698290515,0.826570249470032,2000.45409362613,32.8997324807056,-0.831913691004218
"225",835.361016673779,3021.32615730395,1394.55371754364,3.11465071820238,2021.62499415152,25.0654375467031,-1.55517926830363
"226",925.165633872077,7920.57230013458,1306.06931851616,-5.73969474090719,1993.97939346366,47.8754834134054,0.377670390104203
"227",938.954805000104,7103.22791370528,1442.34180686357,-2.00123540820044,1958.63173821296,41.6367702327208,0.227791929035084
"228",1083.50993043264,4353.2313201017,2295.89294943429,11.5172945453815,2013.57190069361,34.0834219507054,0.0930445298334534
"229",921.596826444637,8807.44436688481,753.392115304855,7.43398012216005,1896.41834424524,45.2653074223878,0.897026495232557
"230",972.540956226679,8030.41832075213,1585.12463167533,7.13516062316354,1949.17310181691,45.8690749460558,1.1394140323012
"231",1126.08025051112,4522.0664543979,2309.14850414624,4.74048569417001,2008.30062938077,35.0704938695491,-0.60782376568962
"232",995.770527779604,6569.80314486674,1479.83371210359,4.96484441798735,1961.37405898609,39.9841108662306,0.295129338751093
"233",1087.56075506324,6341.76347456219,780.037270960731,2.68095176672471,1983.47752953975,41.6056668006639,-0.0935021659324615
"234",1007.8806592557,4417.5817897119,1308.12369377432,13.6067973058717,1970.83178210776,30.4332837159081,-0.522116937072314
"235",947.130139645617,4419.66353892277,2191.92881020961,1.28478528728138,2000.5312068967,31.7495585839881,-1.16625990622327
"236",1037.41316944666,6553.61536358391,1303.28939241483,7.66724438454053,1999.29285967179,43.0947719668394,0.252994217600829
"237",1106.38181475889,5756.51279816001,968.633047979212,-6.53665170634859,2002.82835038423,40.3825073272972,-0.831220176427107
"238",1096.00758197515,5868.08710001893,1395.97681825262,4.62759968115512,2007.94467757231,41.1461982681555,-0.122161732316137
"239",948.075496497354,8096.84210079811,2057.80983853426,1.99999025076869,2042.9005102229,52.4453301769667,1.5287158665563
"240",1051.67482575872,6415.91402909667,1478.40172426404,2.76136795794546,1975.66615652774,40.9576088272953,0.0886389909135434
"241",1180.10789761922,5310.57377112518,1509.11144460257,9.92440830458615,1997.11403107934,38.7744131833192,-0.118429791284041
"242",970.237010648597,7274.07905388108,1740.31221514054,-2.36257960715546,1995.40501512817,45.4360123385523,0.528055759187422
"243",949.392355152376,5352.31867352567,1566.51528923873,4.67863931375163,1991.67248446279,35.650584047478,-0.262307787815862
"244",1192.53940444042,3182.13775428004,2398.10717602294,5.69942062346055,2003.05301372848,29.0956770201569,-1.3835816569944
"245",979.721328584045,6445.32359803493,1300.94702626283,6.45879353239798,1995.77556053858,41.5905318672158,0.130205910326373
"246",1055.93702411246,4474.95049829567,490.409457194287,0.324921181050188,2000.08593491683,33.3729084388756,-1.25017077933466
"247",930.772714372212,6367.13052844751,1671.80734241199,-1.8359778667158,2012.97766913513,41.7948542011841,0.191193553676773
"248",985.608449239648,5698.48619861549,1226.8114172811,1.54741826857361,2016.17151959145,39.4971683329828,-0.376519581170975
"249",978.266891197701,3049.25837236009,1856.25171129512,7.77653882600082,1999.26913168272,25.4565689165928,-0.93043089383398
"250",1008.33099337977,5852.33150488855,1739.17500014466,3.11205204802735,1996.04858792962,39.1179969955926,-0.169292960442826
"251",837.62518578224,5923.20722555894,1601.32185922491,4.32151583513549,1987.62393123682,36.6910821331151,0.0114348901890369
"252",1069.68008194022,4208.09083694427,1765.03885534688,2.06668694397325,2000.59501196534,32.298353388594,-0.802025032467863
"253",969.740301770271,5057.66612370936,2239.22624584386,3.48055910569203,1979.72851221926,33.6536993845826,-0.0604484658991929
"254",1110.83481562161,4277.93878471179,1762.76108156494,2.80926138394304,2002.25231658661,33.2760566782865,-0.590653251668081
"255",1086.14659853737,4647.55497181141,1217.77439653362,9.24801196631739,1976.51499406244,32.9379949434449,-0.600143419068384
"256",1026.29735636337,6465.29943090631,1339.88814593291,2.32593977634607,2031.8180421417,44.8068583274032,0.0302070588190388
"257",896.115117191248,10560.5879413693,1559.58679367839,5.79934598168475,2068.22294290448,65.4258580836911,2.03871234185728
"258",1028.59199178276,5361.03940635309,1978.57942240698,3.79257344680875,2002.04955116976,37.430289187544,-0.205400491939009
"259",1054.36261346119,3478.04237535279,1305.87529037475,-0.387574395085051,2000.38893303312,28.5715410813157,-1.43137243895756
"260",864.542662169572,7158.38461519619,1416.82855259471,4.93802287644306,1974.59018859831,42.0714606413682,0.46268460833236
"261",1036.64235919317,5929.87428430158,889.015084959221,15.3268224315179,2016.8399924423,41.3098229687134,-0.0418550251312284
"262",983.204081994871,7159.33594066231,1750.73494983391,6.46045033643549,1946.78748407317,41.6415765571675,0.556587349236486
"263",1051.25368973858,5735.88169258437,2064.91790411482,12.0645670308914,1969.99942426796,37.2791177232326,0.58219295692504
"264",812.161975418995,5569.24807834813,1507.80382426316,-2.8356233864518,1989.10314807786,34.7647066578976,-0.430088191091112
"265",1115.25974387853,4632.27455122969,1262.75218380856,5.22255659171259,1999.68771111237,34.8597652562283,-0.715809364090627
"266",858.739826884755,5756.81407435205,1948.44343343597,4.21323948296163,1971.36378998857,35.0193806467732,0.0711182456645591
"267",978.144438609346,3817.8839664302,590.906016952562,7.58577293473714,1993.68806129003,28.7666696820092,-1.74514736822372
"268",906.613454693216,5534.89915751254,751.613586905355,2.09246012838568,1989.3139933399,35.8190707458865,-0.680894076340992
"269",998.474648194301,5003.22735738865,1935.71930558467,-5.94440093353121,1989.72364158678,34.4585109431341,-0.942217483047634
"270",1001.28168308085,5113.8767442315,1386.29710537287,-0.0480625491902211,2008.63160057969,36.3524358498492,-0.65888617377533
"271",951.464250797901,7788.83011546187,1466.92543920785,7.68081403502184,2084.56768385894,53.9247774052307,0.96509206343176
"272",1147.75049611473,997.458254249033,1804.61319727402,6.38115863855737,1979.31943213407,16.3364948737837,-1.89236391741602
"273",782.436893930213,9615.78846826689,2146.0621159599,17.8612490944099,2081.94832195005,60.385880082084,3.03182161401199
"274",1121.38061529768,6046.33094820591,1368.05914013673,-3.38444712448057,2008.80025162723,42.3885526527906,-0.323761262315489
"275",961.968348171565,7468.23001898064,1366.55310452267,13.1350918382365,2018.28264334688,47.869083063907,0.831485978279979
"276",1073.72130077947,4947.07863323534,1168.52385567253,14.2406719359273,1979.80401153806,34.452888607709,-0.274185948515872
"277",1088.56347398955,8780.93325372563,1209.42707013885,4.00525071098802,1892.35414784391,46.9830209939197,1.03741123852181
"278",1032.65945617712,5230.82980854633,1871.0604289977,4.68806193722085,2015.48859492347,37.7967179849961,-0.131997625321151
"279",919.06437186568,3928.90245855274,1090.87131712894,3.78023337959985,2000.71407415738,29.0400993992364,-1.24171942243371
"280",925.460584463071,8375.85392864878,1728.46379897812,-2.29076164568346,2046.5209143834,53.7546291189105,0.617474685246727
"281",1039.7421669134,6602.793333806,1194.52888089111,8.78227341447365,2021.57261136811,44.9227597674868,0.235481472132904
"282",964.805293261946,3383.90170007803,2638.77684383236,3.05380740891007,2012.3587546239,27.8142522100059,-0.031802068446253
"283",1104.8974887763,3710.83675514148,2514.22977560404,9.97671919512913,2005.33378293722,30.684291558782,0.129432891063372
"284",1064.48229375714,6796.49201165173,1488.91486804708,10.1446755062211,2017.07985017522,45.8566806244944,0.603741556794771
"285",1138.16493296084,4333.82235136224,1850.42031502682,4.38206865743578,2008.89803592182,34.3596938379488,-0.534193333306256
"286",746.591756301932,7579.48283377493,848.783209362961,10.7835090583028,1924.20460632933,39.0641675849965,0.263742593900867
"287",1063.42703720462,6421.46969287771,2027.92512005102,4.91756183216882,1963.28663108606,40.266757586545,0.088663073326511
"288",944.145202610483,2911.28985088717,2152.96447766647,0.628358944937661,2044.94207927853,27.5573316786848,-1.00489771865817
"289",947.824411244294,5559.12457751352,1377.0628496169,2.62145153135801,1997.98183628243,37.0690068214412,-0.390543700899371
"290",947.369996030671,3229.86161868574,2174.66920031305,5.47157464413724,2007.11403801894,26.4821803343429,-0.485763624759549
"291",926.331657644533,5059.12363850563,1047.85391385033,0.150001451156787,2000.78380473323,34.5824437335178,-0.764305249186594
"292",998.540519177669,6906.68574583821,944.811736679861,0.0255076189235925,2040.29259805119,47.1729567466665,-0.161156913025409
"293",1045.15676595251,5021.91511176246,1959.43765138073,7.77442860002434,2036.56816638161,38.4269918944723,-0.016342099120888
"294",826.415594885165,5419.11345786559,2146.38640610468,15.2746783867641,2065.87274386003,39.6033076663874,-0.00329669326422357
"295",1178.83071890749,3361.76131224663,939.241583454052,2.81054357311488,1989.95613231201,28.8682664975773,-1.38319718689355
"296",982.225558493342,6635.92559662111,1114.23092222293,8.84705271226391,2030.44186675378,44.9701013208978,0.270072936343541
"297",946.74956136009,6505.13737234349,949.008449270973,7.36998729064224,2029.506601719,43.8218765124865,0.0538426133059168
"298",921.00331682829,1178.02812967734,1230.09707443118,1.29367090098494,2048.56948516669,19.1664529364399,-2.46425486539381
"299",958.810959008706,2966.59365122856,843.975532282537,3.95171383987709,2013.61668227591,25.815585234819,-1.70550700619259
"300",1072.82983849575,5866.35616135662,1290.49735348799,9.07478233016016,1962.27289210515,37.6414716711804,-0.0254342895347913
"301",1022.64546769503,6026.64807468851,2159.8325556206,7.99263267515383,1967.50974700487,38.1403834950465,1.09629513318892
"302",863.287699508831,9707.19250116255,438.623787067095,6.83140956351445,2082.05096637661,61.8649404559169,0.851837504208456
"303",981.329167381188,5831.65761395599,1228.81171184606,11.1563792153719,2044.5044918809,42.0696841867903,-0.0422299793221021
"304",926.069374325807,11176.7667067885,1155.16211939613,8.53255386695236,1856.31460416461,53.9258993450338,2.2402906099193
"305",921.804115343822,3944.62663703227,1572.81954923901,3.15631980255695,2001.60313521245,29.2131095787076,-0.925941474245078
"306",1041.68428617493,6989.1286377938,1922.11419162781,3.3207680454991,2006.22029003053,45.7327843565677,0.978023759460104
"307",1057.63090596961,4690.63820505558,1612.68537058358,5.22812621804675,1994.45977156147,34.0392948043147,-0.447684311975853
"308",1008.92459191697,5518.32370417809,1500.77731192131,9.23324265200794,1965.80571554094,35.3971006356647,-0.0616123109771805
"309",940.549769001184,3804.58902836513,1793.47342036178,8.48433829208797,2006.15863965015,29.0969071900984,-0.610307550615559
"310",1097.84661200374,6333.85817283535,2298.56824934662,7.58186507528414,1968.13247072731,40.6234357802029,0.465065741407912
"311",1013.4164697779,6290.38661164414,2669.56468842541,1.22436813546247,1950.41245044148,38.0949947077026,1.3807842188901
"312",1407.7905885328,3759.9305083202,1390.20373676918,5.2258839469693,2000.01087604307,34.4122344505023,-0.972139535798001
"313",1085.93753223369,6642.26275952595,1334.39342245473,3.75464539937723,1987.13774248507,43.2890922502388,0.175664044824655
"314",954.740851217996,4831.44884657153,1516.64097263671,12.4005972598527,1970.39834077668,31.7186899409441,-0.144267086036383
"315",740.346692371786,7165.25715772168,1017.81979790762,0.655430208383088,2057.307953492,46.3168649600096,-0.0649803380037323
"316",894.868223723283,4561.68363627333,1282.75936318389,12.6107904235276,1993.39093810442,31.266553568031,-0.55340904114559
"317",927.713012400769,2246.58357040335,1577.43286755258,0.652653956533444,1988.22037710267,20.1704677870753,-1.78645706744925
"318",1017.39569014193,5103.64961649318,1328.01429452353,6.44616392143969,1991.22327284821,35.2887845143275,-0.44546565300486
"319",1111.139055082,8336.10993308433,2073.87289446738,4.14385903679441,1988.95461848826,51.897907655031,1.54170449233801
"320",1036.36866056577,3324.45464182492,1353.89802856301,10.4106328333291,1991.47175260295,26.9771548227382,-1.10275568971369
"321",983.152981144705,7010.76732401205,297.807909601004,12.6365183579575,1950.88754448208,41.2125406128952,0.256261599972822
"322",856.21341383955,6085.05752013742,1027.81454680756,10.4854318125111,2010.03416322792,39.2784463463636,0.162132066368828
"323",1009.35752966748,6648.00535337592,1699.83615114799,1.68724002621011,2016.53932454686,44.4001693755451,0.317174974323629
"324",1031.33001648881,6197.82662058655,1224.62998075815,-4.02863591516513,1988.34711013904,40.5361029461594,-0.379605896167557
"325",1051.81180996343,8727.36785396761,2080.87035917556,-1.27651229574174,2047.76325917818,57.1471332702677,1.5817080375183
"326",998.982085412949,4238.96021966922,1857.63850656131,4.63713372454195,2005.0328342762,31.8560643473687,-0.58595157290104
"327",1146.78371153194,511.066570127799,1204.95669629713,7.50590674924487,2019.90151067619,16.8250005336828,-2.55107528597318
"328",1072.46127552856,4283.11102800184,1962.35556540065,-3.33522773479073,2006.06905389259,33.0788605779593,-0.731216718142807
"329",1046.58098957328,3766.54443239262,1633.54375054896,3.3671735689506,2000.68680012765,29.8829660344363,-1.04319917114989
"330",1069.10997938386,9926.03251109835,700.019956772398,6.14655330801947,1881.61872011683,51.4988971145912,1.0372491913405
"331",1096.27379710843,9146.42309174255,2270.16225484669,7.26488682024725,2044.65695003768,59.5154730066824,1.55764812940623
"332",1018.21703052393,3455.75985644408,1089.92118184643,10.9880266621704,2006.24666068952,28.4135419961897,-1.13882529620404
"333",909.525956027969,6750.05060772836,1420.44655041673,7.24882409319783,1952.8897244538,39.1575023943776,0.306636459437742
"334",1084.68581673127,3583.17900214236,1785.77732443658,4.60654949183918,2002.53719705185,29.6154564891752,-1.18393533696315
"335",1005.70643615813,5052.93982557077,416.021092694833,7.20892114509429,2008.63465389104,36.1155450482885,-1.13058667186652
"336",1096.845517651,7515.90578966811,1119.46059809648,-2.31284607904871,1979.87603541098,47.1280581540395,0.35105510343082
"337",948.277863257465,8168.1056883131,2600.3024944179,-1.14920733075288,2016.89383234549,50.9686724652249,2.14018377295469
"338",1098.51564157926,8655.10753286684,1929.70518597427,5.62338402945298,1929.32360136805,49.0946576497832,1.74812639861925
"339",1084.99772689144,3497.56484745367,1265.3787148973,-1.2178475633041,2006.82808037494,29.5077022783071,-1.45832723280149
"340",900.349882700212,3214.75510349037,1942.84108132394,-4.66958977725531,2036.16049811879,27.8450722309583,-1.42451659338632
"341",975.513067401514,4285.25416790683,1078.15841837102,9.94165487481402,1998.96318981428,31.3542912562391,-0.902800977243302
"342",891.028052983935,8520.35258175141,1965.02812484029,-4.79058281121713,2022.45162577489,52.3246567681685,1.05350656828379
"343",982.106325982885,6573.58947162956,939.101042647382,11.7824167686792,2062.64146627867,46.9248262915424,0.142562100362873
"344",1011.3909137809,4800.42184309547,534.240071873949,7.04688314228167,2021.29587939305,35.8588855813866,-0.935365256974047
"345",966.699274428339,7868.84084543519,1491.94523900527,18.3523430630522,1991.17513733683,47.9596575247274,1.36439075367468
"346",1074.17313210836,7418.78561202994,943.266960011952,5.37030940121685,2003.44809918829,48.0228524380073,0.299628943109988
"347",1006.63451510933,7382.52043910756,1496.1874835476,-1.23814158160264,1986.05788643596,45.7677511909967,0.464936146501858
"348",842.23909148029,3346.42196121463,1602.66333110112,8.33231061487443,2000.60762360577,25.2464157855473,-1.10952202732585
"349",1197.21972784485,6042.12415710406,2249.46467581893,8.68749193034237,1971.32429219637,40.709569874653,0.703771677522159
"350",956.887208597968,2730.39838903465,1332.28453348798,14.781118719567,1984.7424344341,22.6296873251286,-1.25992796622927
"351",895.379277630285,8493.78220370085,1575.49557703313,4.35232433912465,2052.76905715077,54.3768142199316,1.08901341504176
"352",987.394012316624,7434.84587861942,1661.56470975393,2.4734479246364,1959.65093619286,43.9237474267965,0.69589176189442
"353",1117.31892306018,5209.80307666061,1690.00454083358,2.49831528977841,1972.82617305626,35.7857745326302,-0.0652203065524611
"354",1068.92968009588,5205.02729989878,2124.04171306504,8.69709987277231,2004.59308190282,37.3716145429574,0.294224766504171
"355",881.491983659939,8480.97049189502,641.350735467116,8.53811273659255,2106.04594418385,57.871552762362,0.556753932053831
"356",871.938215686472,4547.97010797105,1832.65716497333,4.57697888729348,1984.15706704225,30.2608281861994,-0.472885154574311
"357",973.379750580756,4542.58126120095,1261.96400000924,10.6675463233304,1988.80090967855,31.8545515751075,-0.616089849964675
"358",1054.32538175984,6745.49666502643,1482.35791497855,5.1236461216224,2011.45580514498,45.0872955026047,0.365044942633884
"359",798.647342635053,5578.57729992232,1995.69866578561,5.2524306646909,2002.83140367363,35.5992974758992,-0.0480892584204774
"360",965.268011686933,6077.40727033175,2183.03670439948,4.08165820024258,2059.92175514183,44.1290846010282,0.702879391860443
"361",848.828056447013,4755.39282533705,1009.69839077185,4.79216042559073,1996.32813150075,31.8181639197444,-0.974545088455341
"362",1318.24074790127,5547.85026208886,1880.6357208702,-5.16569127196416,2000.48400842257,41.9160092280624,-0.208538816443289
"363",1024.10488551621,3575.55928122839,895.820232955885,4.96867293997668,2002.10476596434,28.7755215596331,-1.65380369302465
"364",880.05121317914,3188.9798029025,914.880982504135,5.31608655363685,2001.41094527265,25.0266758266212,-1.58768151471717
"365",1146.73833496262,2384.76512926283,2403.34338695744,1.85997772885861,2013.40045014482,25.395200442553,-1.18760528081608
"366",961.277705830001,8439.02215598222,858.0882842198,-0.627607062837087,2011.4371353053,52.0572418512354,0.281377988124436
"367",1036.49530083879,4263.68113486516,2273.56119252546,1.76060769284862,1999.97492899709,32.0993106232259,-0.408332498387556
"368",956.929074849513,4940.21833995884,1900.31024693396,1.60108635610039,2000.06573050305,34.3496833818017,-0.628651627495864
"369",999.193609584047,5720.66493265673,1243.52588005551,7.36154947140322,2023.19578361628,40.2695986214998,-0.203594204197668
"370",799.996851359243,7890.75814634906,1072.52397607641,6.40030517839449,2005.05349381577,46.9109601811869,0.687975476973199
"371",878.359544559069,5305.57937093431,2237.80450118987,3.91259518510248,1974.66056365102,33.3269545641066,-0.271829762518356
"372",1078.39704449447,5345.50215639408,2197.54376515455,-1.0253430783345,1991.82725446878,37.2745009846545,0.502079992144819
"373",1091.28402944101,3142.71541194346,1274.65384275665,4.55865670752954,1984.6251176759,26.322469794899,-1.42986636298724
"374",956.265129607876,6324.799653727,1469.4525512278,11.5275472275326,1961.77153505737,38.3276535717795,0.288485364262022
"375",952.50762436467,7364.4456688374,843.300630501308,4.40023101964314,1893.12001869106,38.4770219536894,0.224967463085741
"376",1132.91508139426,4449.22193932992,1780.85100437172,9.89014158407647,1993.3624873338,33.759910800304,-0.349193463555796
"377",957.282812999391,6152.73005943694,1389.12446709563,5.1271836476994,2018.65650389533,41.4982011799043,-0.0585618650452389
"378",1043.17750831944,7908.30680229366,1970.06191063072,1.55563814884468,2049.8409210473,53.2368225363125,1.09051833490256
"379",1154.879471556,4246.2611339973,1155.07470060101,0.221318690380023,1997.45260593299,33.349033742181,-1.18442327553266
"380",914.156875005925,7013.01718614069,1649.37489506326,15.1676692896257,2043.36147226763,46.8236549816445,1.03591057643166
"381",970.070557564933,5814.15172761448,1544.18527082724,1.7576767290566,2016.37729579899,39.8705568176228,-0.277933503537325
"382",945.856599766304,7300.19943470697,2263.13050325957,12.3272272707974,2024.40965931994,47.2834296516318,1.48122942268698
"383",1090.0361705929,7953.4096940104,1090.53418011419,3.669734002141,1976.46753151176,48.9099486569506,0.581047281575878
"384",1059.22534218572,3890.33088465726,2330.36303938511,1.50797451914951,2001.62941320408,30.7066774500555,-0.892269324733627
"385",1046.43329615067,7060.76770431359,2258.76171189044,16.238437967675,2076.92323405472,51.0933448517326,1.34516282339
"386",1237.61875055696,6195.36736474544,1693.92701929239,7.79448142347461,1987.94543859611,43.1280450820826,0.298211590928784
"387",975.4633698233,7277.04754208719,758.00503542833,3.42248292356256,2014.89880896136,46.8831165422417,-0.123573157434884
"388",1009.58861160172,6287.46197056461,1925.18295562342,7.19602741696151,1981.35997657978,40.2008673549517,0.624997473752119
"389",819.404061425969,4558.949841178,1040.31184400648,3.59732143588257,2007.17017295227,31.2562203470598,-1.30727483215031
"390",1023.74003929896,8121.34680146762,1283.10836654732,-2.97359065313689,1969.73927480066,48.4016144625181,0.598108317564269
"391",955.665225558417,6230.42831822069,1203.04162776872,6.36765243978468,1941.15027116558,36.4202381746656,0.0237822837692059
"392",1119.3635861886,4391.90372642407,776.087486768053,0.714650379045683,2002.34176649963,33.9401555407364,-1.68322045439417
"393",906.213418899252,5776.0726814459,1631.95757744489,6.34722171158184,1939.78472231775,33.504791897965,0.0494185082936183
"394",1074.33654951891,5404.85549301972,1642.08105883231,3.68848707612587,2003.28335191035,38.311466592801,-0.289817200130183
"395",1020.98020926912,7244.71378251416,1090.69094337996,0.697498918407814,1982.12269618203,45.0111321876104,0.284395969569532
"396",866.479979375848,5166.0708619606,1726.36457464173,8.36585702469901,1979.26252364386,32.8258242670689,-0.154405208167881
"397",1159.10881005731,4135.13881674788,1406.52867854714,0.735151463777094,1997.29530257891,32.8566483634987,-1.04067869327217
"398",1052.25719342227,2647.45617366197,1348.68132172591,6.9384488702886,1999.53669646522,24.4836808375988,-1.51683502279639
"399",1016.17072547525,8162.20815801125,1301.00933334989,3.11432758740076,2033.95885765769,53.0023892605062,0.814707400188725
"400",1186.74171343877,8744.36723349837,-48.8860762226659,5.919974309607,2064.52178291476,60.1249675296373,-0.0599863686947364
"401",1056.78218121753,7760.41694833352,2406.5201864557,2.62828425361149,2056.44955657794,53.1610846034451,0.460661055745243
"402",1078.65820925359,5690.46834182608,1756.11728291285,11.9327421689946,2003.97005326156,39.7906424741124,0.0217725691489541
"403",772.457142575151,6366.15612205414,1882.86441123641,5.09172468885154,2035.63048147747,41.3577949466185,0.331780055129271
"404",958.439504367999,4959.91197766304,700.459966704403,0.930619381854147,2009.090655237,35.0962923855356,-1.08836068583463
"405",1044.52477055858,6160.13970759635,1393.77582793764,10.2072881410186,2000.27053423589,41.3584875785701,0.243654115124797
"406",903.644367861036,6434.95635478391,1867.27226792905,-0.593048731727058,1972.2345020461,38.9202042586501,-0.0690574460702352
"407",1044.59764940417,9430.86815809083,1416.33256295527,5.42395475859348,2086.59087640891,63.1651757177868,1.51956468554039
"408",1024.58113582113,7682.22353909239,1670.13505456015,16.3376008669987,1796.06776097813,34.1260263159773,1.30823691833124
"409",997.257296889224,3760.02973830665,1877.96661875929,0.301497498816412,2001.81026746915,29.3010173604262,-1.03433548473458
"410",1116.03161858598,5130.27729786716,1959.75956483353,13.2187313407753,2020.80181204327,38.7483703598443,-0.0971307149103787
"411",1031.91513699672,7146.36757268382,898.391586292113,11.5587995012803,1973.36356762876,44.06303284733,0.287189791805019
"412",1031.37800593476,8548.3560255184,1099.3484930984,10.876675914968,2100.42125397831,59.7143221811964,1.21929810311514
"413",958.157811474363,5055.50113281121,1443.64028174772,2.00301856289345,1996.41905292067,34.6651658062861,-0.528693418768231
"414",851.253472368516,7072.32334499785,1231.23384073451,5.27220380128648,2006.85703138152,43.7485751478126,0.31387539498831
"415",823.104688802963,2890.91940992128,907.897940016096,5.23018486562821,2009.33971669258,23.4198912594187,-1.65527503251452
"416",984.013717883957,6235.05531541494,1788.74242075541,3.41283878701915,1976.00283932009,39.2466776593936,0.263309073808032
"417",903.115723390487,7769.31007556202,632.178270363711,5.93694701261253,1969.75883659666,45.1680929364107,0.237123308174043
"418",960.429100377937,4616.58478909534,1722.90965971898,7.69973312197241,1984.01585688882,31.7104897086147,-0.247509448431893
"419",1029.41428877388,2033.07831476496,1399.95404977983,1.6073546280849,2036.98788302162,23.8571052570159,-1.99595325945826
"420",1055.51428493213,3034.46942090684,1684.43281646319,6.04169647196242,2011.42510703776,27.2227763092328,-1.03529197269028
"421",1078.73636237185,6679.51973016791,670.009868308826,8.14886891648616,2023.73516933369,45.9414421983626,-0.242655393331878
"422",1028.14425317791,7727.71366651672,726.551253431944,9.01440935252718,2008.59388284431,49.2844410177753,0.404146943542996
"423",1067.9066404318,7789.5730861093,1536.21880430032,5.92680640850881,2025.90306024094,51.3027777514862,0.943781436270144
"424",926.03703094601,9504.09491221823,1456.57733416894,5.58262171508315,2064.67689724358,60.4695516545516,1.69980412142487
"425",1038.84838512639,6533.16224501779,1830.32605399128,2.01240199703281,1939.1941582744,38.8028409743873,0.642062928998872
"426",1143.4875565783,5751.75026381574,1614.73902690148,2.96891724832421,1973.60068713842,38.784706706012,-0.229478525520943
"427",1020.00972841233,10613.7459551681,1670.57530116845,-8.62456539637496,2057.45222983307,66.5078430543837,1.45391236821477
"428",893.385444899052,5195.86958174383,1620.0752985219,8.15125833499598,2012.53351820488,35.6442788304684,-0.190047716370609
"429",969.148484067687,7925.92205504134,1939.63717604597,4.2925760112078,1981.87904260558,47.6144199305385,1.07331809277384
"430",1018.69527535098,1892.89800237517,1889.070295471,9.45763655048492,1998.74016550768,20.3646442759444,-1.37101701774482
"431",959.173094714349,6151.26218306135,1506.92925508725,9.83482546935196,1918.41670642059,34.4904517065829,0.344824353351842
"432",1085.88529885677,4770.91566070244,1824.97194230863,5.90331891491826,1997.94201902758,35.0305438910667,-0.197967553020059
"433",840.003031092588,6350.1285950561,1472.89243930065,10.2066231397321,1950.27632715164,36.16075833704,0.311203410670991
"434",773.32625163712,5849.71765475114,966.507560881898,14.9097739158062,2044.10765772037,39.4750677948933,-0.00945065551858892
"435",1165.57523278279,4354.07241785803,1725.78787237224,0.665917353517132,2002.22947362671,34.3396292903754,-0.536314096482655
"436",877.32533427185,7531.63945112637,1759.6141403475,13.3959707408112,2002.80989415729,46.0103040780619,1.23645232180055
"437",1057.13677574419,1962.30155187751,1913.58214454855,4.30615824643338,2038.94582474502,24.0070548427633,-1.5213394546606
"438",985.969497191402,7541.34494954392,1133.05422794825,8.80128584471862,1984.54169114795,46.162964019662,0.556520914964041
"439",979.223067964927,4403.77886966907,647.620946210824,14.4745315457267,2003.29899928663,32.2764604525524,-0.926986929194147
"440",975.840016346107,10182.4311255728,1539.62178114327,5.5383695957873,1983.20795448548,58.6634513708282,1.99975250980077
"441",1062.1194224525,7116.68421045719,1521.08320518548,5.89297209980023,1979.49206409644,44.7348822993814,0.56681007721859
"442",1153.17127909017,6220.03923225444,2216.3376898752,1.80913784537504,1983.2791267449,41.8424603131684,0.492736992289995
"443",1074.13951690427,6135.64150466182,1329.09337802849,14.6328376239947,1997.09932655962,41.3960720527855,0.331842635296579
"444",1063.50327974655,682.395790260985,1661.21948549317,0.392297612301152,1970.77256528232,13.144876875047,-2.3801592707265
"445",907.096574464303,4120.6030944674,688.91581411919,14.6674836940937,2007.16021470197,30.2626533418807,-0.69790479298147
"446",1081.72703606967,7562.7753845273,1184.62721521262,14.087598028594,1962.87900673079,45.9698086272799,0.877432618764418
"447",1117.42820689695,7161.47274074688,1537.66114307866,6.65147637391693,2005.24236164897,47.460883443587,0.647546789423941
"448",1108.60840946426,4037.27801848495,1237.77901644323,5.74470761220355,1993.4261302162,31.4697513775164,-1.02334347857845
"449",949.66443907871,8544.31840142589,837.037634795391,8.38287304534023,2090.19315611686,57.9355431906997,0.841270496508445
"450",825.162616049088,4624.4475638625,1832.40023266538,8.2852288881041,1987.14739166975,30.242025721277,-0.228985888665839
"451",1012.79918060724,9950.8340008382,1270.19231974979,12.9689511018044,2033.18153087461,61.5214408191382,1.95875739571428
"452",851.982263892558,5118.0450132828,1325.16224620235,3.52514672987284,1999.88738878895,33.8548832977972,-0.592253409629918
"453",1019.49131678208,6619.91663004483,1201.79623090293,4.69850981736982,1993.13271011982,42.7538133328446,0.168149070629062
"454",909.264189429782,3362.468042287,1481.0929901657,11.3829278226707,2008.47520572821,26.7302166201475,-1.0732230983346
"455",976.912388280004,6609.66680959989,2041.04198181567,8.14154000088472,2012.37067769259,43.509386643686,0.610765121484558
"456",927.757971899716,7131.48141583595,1264.56179352621,11.4352404244277,2051.88689766373,48.1653364660487,0.565081383077382
"457",1239.15851584177,8385.76052362053,1488.13721655301,8.59388362959427,1951.56533848039,51.1501963044657,1.35986449994715
"458",1088.90270004434,7716.40456417116,1876.65909565859,19.5311148303183,2112.54666762545,57.2901492654192,1.90805498836773
"459",918.831107166819,5979.72912219742,2312.42648454123,5.53738329971678,2004.93090842308,39.2123097113527,0.624469987085487
"460",908.205798491987,4044.50611675498,827.080263343066,5.50033647337827,1999.16700311173,29.3500516268017,-1.25601684415267
"461",935.878017047367,6615.45829487563,1898.58295296529,2.90845608207005,2059.05642512804,46.2854815046773,0.502355144873295
"462",1037.42842550014,3078.0304630115,1779.12911065071,2.42717031903843,2002.15062115818,26.5519238392117,-1.28867411429348
"463",1085.36125507571,5416.81336543862,2055.39187913421,11.0050694049328,1967.4500620173,35.9985379708218,0.0951980720499388
"464",929.495050988619,7501.44576843593,1608.15084029002,5.03079317650834,1949.09099246825,42.7658415824447,0.858786535396894
"465",949.518698447162,5610.28601874819,1131.32271037243,10.7500633456209,1998.83312324442,37.3967471166759,-0.0298535825992717
"466",1129.85593975696,10484.7059849016,1992.26490055428,9.59601916731645,2015.54118254663,64.3505574264328,2.65674956799044
"467",937.098911826661,8097.55545421631,1936.44857341024,-1.71188094920058,1971.58980851754,47.3112746680379,0.689469316496331
"468",1103.83318560665,6970.33078890554,1153.35031119207,3.03826895926272,2084.14784400375,51.8963107059205,0.272338708025973
"469",955.145552956932,5051.15486402956,1825.87023038534,12.8921078719586,1962.57568608436,32.2340562252593,-0.0079610373191981
"470",1062.95753544189,7622.04758455325,1886.38535642469,5.69447252423887,1939.22447346595,44.3581686555135,1.16064441622485
"471",935.316448271223,7657.10780531137,2194.67859357231,7.54752986806791,2043.2440052896,50.1882357260155,1.27637254166511
"472",826.004250284168,3428.98695538852,1093.21885621977,6.58487378066188,2000.91132586749,25.4583160571645,-1.20790493414553
"473",1089.30512026035,4506.13730651188,1145.91630587737,-1.06423587464892,1994.25565923179,33.5402903455031,-1.07766309437237
"474",923.192617399025,6678.48133594409,992.919000878567,-5.93177129600063,2016.37819391795,43.4363560685112,-0.464273530695214
"475",987.697902972728,4075.63775479787,1376.91724624307,-0.750844696307322,2007.53426837,31.100604031455,-1.14360888206151
"476",911.213837814248,8918.16143314661,1735.40365698837,-2.37133495348751,2058.43418691156,57.0202598559307,1.38236651848371
"477",918.985616257734,6532.89858356796,1354.05968046675,0.873111280591509,2056.11120805314,45.4658350746449,-0.0120784903649324
"478",956.247948277801,8526.16768340108,912.046997000385,-4.49350468436666,2023.3763098617,53.2495814565996,0.45748961243866
"479",1092.11188713189,7468.87665053325,1914.53896093696,14.4034479051868,2006.23574604374,48.6883914107036,0.961133716462394
"480",855.781457806489,3185.08546473498,1504.58928187361,1.61650437835249,2000.30417369324,24.6207066559196,-1.46055076748502
"481",1047.20001718951,5286.45758542385,1506.42329534984,6.77900112539919,2005.79856350464,37.5711392871892,-0.252028061400442
"482",804.551117514287,5461.23531076701,1798.56334119719,2.67332065734142,2006.55618697324,35.3703689762579,-0.36471647770054
"483",921.862059441162,3062.53685254211,1370.23631983321,1.07279014421101,1994.97316400451,24.4998337405757,-1.56552674472967
"484",1068.8964954956,8789.89789676308,1616.93517476914,6.64186535060314,2042.15354644179,57.2732132075391,1.41526999477491
"485",930.001039607768,6600.79457610431,997.205138841922,-0.37841736635968,1993.81379548441,41.5676616801183,-0.33610186956286
"486",1050.87305275662,7169.01424898531,993.753462942085,9.05869250567727,2026.93252014256,48.1681130650208,0.383477511578256
"487",1073.36696851518,5124.15257918634,1131.71214328924,5.89489569028057,2004.76904641904,37.0509527247127,-0.505198241586511
"488",1116.71164978462,5611.91981918406,1831.90914762157,9.22998338796959,1993.26734113133,39.1477025714441,0.426166092058422
"489",894.357591772,9558.87426963934,1014.86253143012,9.61165138140742,1903.94110110197,49.0649145066689,1.62389081865781
"490",854.489460444994,5755.32488724987,295.516127405156,3.07501288770648,1988.66062227764,36.1701385801773,-0.867585514039524
"491",836.734376986234,2808.86034495651,1192.54321542682,-6.12825359377386,2040.00760089984,25.3476761468735,-2.11460751677589
"492",1096.88691195706,5587.73742916708,2093.24809515488,11.3034303331866,1962.707046279,36.6366093297058,0.576823954808759
"493",983.623822578077,7139.30742374261,1221.04389512629,8.77489255279941,2042.93426842446,48.2884036062463,0.433367067390799
"494",815.455995257944,3116.95805312511,2236.27301935134,4.5142482509564,2009.24011472798,24.4042457935896,-0.913224452105352
"495",1155.5535089,4860.96211471705,1316.21823211553,7.14880814118157,2013.10616540877,37.4158995073279,-0.503939770877894
"496",994.903795807567,9133.16598065644,1790.94730298992,1.64484122931951,1972.20068581482,53.0805491314123,1.4506312911585
"497",965.141876074859,2923.3200155656,2016.72609021587,9.26511807206473,1999.56381156754,24.7030677262404,-1.19976850579145
"498",967.076291837804,7123.89120219907,2392.67224291194,3.29395584879638,2110.71678296132,52.7532074530923,1.24501433310931
"499",911.235222700394,4930.27860740808,2753.88124339265,5.1402462724977,1987.62783524264,32.8471673026358,0.461448696748857
"500",1184.15222081542,8591.55534961056,1225.77455613505,9.28472528660174,1978.01447492876,53.2933483069801,1.21379471201272
